PRAGMA foreign_keys=OFF;
BEGIN TRANSACTION;
CREATE TABLE midi_device (
	id integer primary key autoincrement,
	name text not null,
	mode text not null check (mode in ('off','in','out'))
);
INSERT INTO midi_device VALUES(1,'LaunchControl','in');
INSERT INTO midi_device VALUES(2,'LaunchControl','out');
INSERT INTO midi_device VALUES(3,'LaunchControl','off');
INSERT INTO midi_device VALUES(4,'APCmini','in');
INSERT INTO midi_device VALUES(5,'APCmini','out');
INSERT INTO midi_device VALUES(6,'APCmini','off');
INSERT INTO midi_device VALUES(7,'LaunchPadMK2','in');
INSERT INTO midi_device VALUES(8,'LaunchPadMK2','out');
INSERT INTO midi_device VALUES(9,'LaunchPadMK2','off');
CREATE TABLE midi_control (
	id_midi_device integer not null,
	id integer primary key autoincrement,
	name text not null check (name in ('fader','knob','button')),
	num integer not null,
	ch integer not null check (ch >=0 and ch <= 15),
	signal_type text not null check ( signal_type in ('cc','note')),
	signal_num int not null check ( signal_num >=0 and  signal_num <=127),
	foreign key(id_midi_device) references midi_device(id)
		on update cascade
		on delete cascade
);
INSERT INTO midi_control VALUES(1,1,'knob',1,0,'cc',21);
INSERT INTO midi_control VALUES(1,2,'knob',2,0,'cc',22);
INSERT INTO midi_control VALUES(1,3,'knob',3,0,'cc',23);
INSERT INTO midi_control VALUES(1,4,'knob',4,0,'cc',24);
INSERT INTO midi_control VALUES(1,5,'knob',5,0,'cc',25);
INSERT INTO midi_control VALUES(1,6,'knob',6,0,'cc',26);
INSERT INTO midi_control VALUES(1,7,'knob',7,0,'cc',27);
INSERT INTO midi_control VALUES(1,8,'knob',8,0,'cc',28);
INSERT INTO midi_control VALUES(1,9,'knob',9,0,'cc',41);
INSERT INTO midi_control VALUES(1,10,'knob',10,0,'cc',42);
INSERT INTO midi_control VALUES(1,11,'knob',11,0,'cc',43);
INSERT INTO midi_control VALUES(1,12,'knob',12,0,'cc',44);
INSERT INTO midi_control VALUES(1,13,'knob',13,0,'cc',45);
INSERT INTO midi_control VALUES(1,14,'knob',14,0,'cc',46);
INSERT INTO midi_control VALUES(1,15,'knob',15,0,'cc',47);
INSERT INTO midi_control VALUES(1,16,'knob',16,0,'cc',48);
INSERT INTO midi_control VALUES(1,17,'button',1,0,'note',9);
INSERT INTO midi_control VALUES(1,18,'button',2,0,'note',10);
INSERT INTO midi_control VALUES(1,19,'button',3,0,'note',11);
INSERT INTO midi_control VALUES(1,20,'button',4,0,'note',12);
INSERT INTO midi_control VALUES(1,21,'button',5,0,'note',25);
INSERT INTO midi_control VALUES(1,22,'button',6,0,'note',26);
INSERT INTO midi_control VALUES(1,23,'button',7,0,'note',27);
INSERT INTO midi_control VALUES(1,24,'button',8,0,'note',28);
INSERT INTO midi_control VALUES(1,25,'button',9,0,'cc',114);
INSERT INTO midi_control VALUES(1,26,'button',10,0,'cc',115);
INSERT INTO midi_control VALUES(1,27,'button',11,0,'cc',116);
INSERT INTO midi_control VALUES(1,28,'button',12,0,'cc',117);
INSERT INTO midi_control VALUES(2,29,'knob',1,0,'cc',21);
INSERT INTO midi_control VALUES(2,30,'knob',2,0,'cc',22);
INSERT INTO midi_control VALUES(2,31,'knob',3,0,'cc',23);
INSERT INTO midi_control VALUES(2,32,'knob',4,0,'cc',24);
INSERT INTO midi_control VALUES(2,33,'knob',5,0,'cc',25);
INSERT INTO midi_control VALUES(2,34,'knob',6,0,'cc',26);
INSERT INTO midi_control VALUES(2,35,'knob',7,0,'cc',27);
INSERT INTO midi_control VALUES(2,36,'knob',8,0,'cc',28);
INSERT INTO midi_control VALUES(2,37,'knob',9,0,'cc',41);
INSERT INTO midi_control VALUES(2,38,'knob',10,0,'cc',42);
INSERT INTO midi_control VALUES(2,39,'knob',11,0,'cc',43);
INSERT INTO midi_control VALUES(2,40,'knob',12,0,'cc',44);
INSERT INTO midi_control VALUES(2,41,'knob',13,0,'cc',45);
INSERT INTO midi_control VALUES(2,42,'knob',14,0,'cc',46);
INSERT INTO midi_control VALUES(2,43,'knob',15,0,'cc',47);
INSERT INTO midi_control VALUES(2,44,'knob',16,0,'cc',48);
INSERT INTO midi_control VALUES(2,45,'button',1,0,'note',9);
INSERT INTO midi_control VALUES(2,46,'button',2,0,'note',10);
INSERT INTO midi_control VALUES(2,47,'button',3,0,'note',11);
INSERT INTO midi_control VALUES(2,48,'button',4,0,'note',12);
INSERT INTO midi_control VALUES(2,49,'button',5,0,'note',25);
INSERT INTO midi_control VALUES(2,50,'button',6,0,'note',26);
INSERT INTO midi_control VALUES(2,51,'button',7,0,'note',27);
INSERT INTO midi_control VALUES(2,52,'button',8,0,'note',28);
INSERT INTO midi_control VALUES(2,53,'button',9,0,'cc',114);
INSERT INTO midi_control VALUES(2,54,'button',10,0,'cc',115);
INSERT INTO midi_control VALUES(2,55,'button',11,0,'cc',116);
INSERT INTO midi_control VALUES(2,56,'button',12,0,'cc',117);
INSERT INTO midi_control VALUES(3,57,'knob',1,0,'cc',21);
INSERT INTO midi_control VALUES(3,58,'knob',2,0,'cc',22);
INSERT INTO midi_control VALUES(3,59,'knob',3,0,'cc',23);
INSERT INTO midi_control VALUES(3,60,'knob',4,0,'cc',24);
INSERT INTO midi_control VALUES(3,61,'knob',5,0,'cc',25);
INSERT INTO midi_control VALUES(3,62,'knob',6,0,'cc',26);
INSERT INTO midi_control VALUES(3,63,'knob',7,0,'cc',27);
INSERT INTO midi_control VALUES(3,64,'knob',8,0,'cc',28);
INSERT INTO midi_control VALUES(3,65,'knob',9,0,'cc',41);
INSERT INTO midi_control VALUES(3,66,'knob',10,0,'cc',42);
INSERT INTO midi_control VALUES(3,67,'knob',11,0,'cc',43);
INSERT INTO midi_control VALUES(3,68,'knob',12,0,'cc',44);
INSERT INTO midi_control VALUES(3,69,'knob',13,0,'cc',45);
INSERT INTO midi_control VALUES(3,70,'knob',14,0,'cc',46);
INSERT INTO midi_control VALUES(3,71,'knob',15,0,'cc',47);
INSERT INTO midi_control VALUES(3,72,'knob',16,0,'cc',48);
INSERT INTO midi_control VALUES(3,73,'button',1,0,'note',9);
INSERT INTO midi_control VALUES(3,74,'button',2,0,'note',10);
INSERT INTO midi_control VALUES(3,75,'button',3,0,'note',11);
INSERT INTO midi_control VALUES(3,76,'button',4,0,'note',12);
INSERT INTO midi_control VALUES(3,77,'button',5,0,'note',25);
INSERT INTO midi_control VALUES(3,78,'button',6,0,'note',26);
INSERT INTO midi_control VALUES(3,79,'button',7,0,'note',27);
INSERT INTO midi_control VALUES(3,80,'button',8,0,'note',28);
INSERT INTO midi_control VALUES(3,81,'button',9,0,'cc',114);
INSERT INTO midi_control VALUES(3,82,'button',10,0,'cc',115);
INSERT INTO midi_control VALUES(3,83,'button',11,0,'cc',116);
INSERT INTO midi_control VALUES(3,84,'button',12,0,'cc',117);
CREATE TABLE sacn (
	id integer primary key autoincrement,
	ip_address text not null,
	universe integer not null,
	mode text not null check (mode in ('off','in','out'))
);
INSERT INTO sacn VALUES(1,'2.1.1.2',221,'out');
INSERT INTO sacn VALUES(2,'2.1.1.2',222,'out');
CREATE TABLE sacn_channel (
	id_sacn integer not null,
	id integer primary key autoincrement,
	ch_num integer not null,
	foreign key(id_sacn) references sacn(id)
		on update cascade
		on delete cascade
);
INSERT INTO sacn_channel VALUES(1,1,1);
INSERT INTO sacn_channel VALUES(1,2,2);
INSERT INTO sacn_channel VALUES(1,3,3);
INSERT INTO sacn_channel VALUES(1,4,4);
INSERT INTO sacn_channel VALUES(1,5,5);
INSERT INTO sacn_channel VALUES(1,6,6);
INSERT INTO sacn_channel VALUES(1,7,7);
INSERT INTO sacn_channel VALUES(1,8,8);
INSERT INTO sacn_channel VALUES(1,9,9);
INSERT INTO sacn_channel VALUES(1,10,10);
INSERT INTO sacn_channel VALUES(1,11,11);
INSERT INTO sacn_channel VALUES(1,12,12);
INSERT INTO sacn_channel VALUES(1,13,13);
INSERT INTO sacn_channel VALUES(1,14,14);
INSERT INTO sacn_channel VALUES(1,15,15);
INSERT INTO sacn_channel VALUES(1,16,16);
INSERT INTO sacn_channel VALUES(1,17,17);
INSERT INTO sacn_channel VALUES(1,18,18);
INSERT INTO sacn_channel VALUES(1,19,19);
INSERT INTO sacn_channel VALUES(1,20,20);
INSERT INTO sacn_channel VALUES(1,21,21);
INSERT INTO sacn_channel VALUES(1,22,22);
INSERT INTO sacn_channel VALUES(1,23,23);
INSERT INTO sacn_channel VALUES(1,24,24);
INSERT INTO sacn_channel VALUES(1,25,25);
INSERT INTO sacn_channel VALUES(1,26,26);
INSERT INTO sacn_channel VALUES(1,27,27);
INSERT INTO sacn_channel VALUES(1,28,28);
INSERT INTO sacn_channel VALUES(1,29,29);
INSERT INTO sacn_channel VALUES(1,30,30);
INSERT INTO sacn_channel VALUES(1,31,31);
INSERT INTO sacn_channel VALUES(1,32,32);
INSERT INTO sacn_channel VALUES(1,33,33);
INSERT INTO sacn_channel VALUES(1,34,34);
INSERT INTO sacn_channel VALUES(1,35,35);
INSERT INTO sacn_channel VALUES(1,36,36);
INSERT INTO sacn_channel VALUES(1,37,37);
INSERT INTO sacn_channel VALUES(1,38,38);
INSERT INTO sacn_channel VALUES(1,39,39);
INSERT INTO sacn_channel VALUES(1,40,40);
INSERT INTO sacn_channel VALUES(1,41,41);
INSERT INTO sacn_channel VALUES(1,42,42);
INSERT INTO sacn_channel VALUES(1,43,43);
INSERT INTO sacn_channel VALUES(1,44,44);
INSERT INTO sacn_channel VALUES(1,45,45);
INSERT INTO sacn_channel VALUES(1,46,46);
INSERT INTO sacn_channel VALUES(1,47,47);
INSERT INTO sacn_channel VALUES(1,48,48);
INSERT INTO sacn_channel VALUES(1,49,49);
INSERT INTO sacn_channel VALUES(1,50,50);
INSERT INTO sacn_channel VALUES(1,51,51);
INSERT INTO sacn_channel VALUES(1,52,52);
INSERT INTO sacn_channel VALUES(1,53,53);
INSERT INTO sacn_channel VALUES(1,54,54);
INSERT INTO sacn_channel VALUES(1,55,55);
INSERT INTO sacn_channel VALUES(1,56,56);
INSERT INTO sacn_channel VALUES(1,57,57);
INSERT INTO sacn_channel VALUES(1,58,58);
INSERT INTO sacn_channel VALUES(1,59,59);
INSERT INTO sacn_channel VALUES(1,60,60);
INSERT INTO sacn_channel VALUES(1,61,61);
INSERT INTO sacn_channel VALUES(1,62,62);
INSERT INTO sacn_channel VALUES(1,63,63);
INSERT INTO sacn_channel VALUES(1,64,64);
INSERT INTO sacn_channel VALUES(1,65,65);
INSERT INTO sacn_channel VALUES(1,66,66);
INSERT INTO sacn_channel VALUES(1,67,67);
INSERT INTO sacn_channel VALUES(1,68,68);
INSERT INTO sacn_channel VALUES(1,69,69);
INSERT INTO sacn_channel VALUES(1,70,70);
INSERT INTO sacn_channel VALUES(1,71,71);
INSERT INTO sacn_channel VALUES(1,72,72);
INSERT INTO sacn_channel VALUES(1,73,73);
INSERT INTO sacn_channel VALUES(1,74,74);
INSERT INTO sacn_channel VALUES(1,75,75);
INSERT INTO sacn_channel VALUES(1,76,76);
INSERT INTO sacn_channel VALUES(1,77,77);
INSERT INTO sacn_channel VALUES(1,78,78);
INSERT INTO sacn_channel VALUES(1,79,79);
INSERT INTO sacn_channel VALUES(1,80,80);
INSERT INTO sacn_channel VALUES(1,81,81);
INSERT INTO sacn_channel VALUES(1,82,82);
INSERT INTO sacn_channel VALUES(1,83,83);
INSERT INTO sacn_channel VALUES(1,84,84);
INSERT INTO sacn_channel VALUES(1,85,85);
INSERT INTO sacn_channel VALUES(1,86,86);
INSERT INTO sacn_channel VALUES(1,87,87);
INSERT INTO sacn_channel VALUES(1,88,88);
INSERT INTO sacn_channel VALUES(1,89,89);
INSERT INTO sacn_channel VALUES(1,90,90);
INSERT INTO sacn_channel VALUES(1,91,91);
INSERT INTO sacn_channel VALUES(1,92,92);
INSERT INTO sacn_channel VALUES(1,93,93);
INSERT INTO sacn_channel VALUES(1,94,94);
INSERT INTO sacn_channel VALUES(1,95,95);
INSERT INTO sacn_channel VALUES(1,96,96);
INSERT INTO sacn_channel VALUES(1,97,97);
INSERT INTO sacn_channel VALUES(1,98,98);
INSERT INTO sacn_channel VALUES(1,99,99);
INSERT INTO sacn_channel VALUES(1,100,100);
INSERT INTO sacn_channel VALUES(1,101,101);
INSERT INTO sacn_channel VALUES(1,102,102);
INSERT INTO sacn_channel VALUES(1,103,103);
INSERT INTO sacn_channel VALUES(1,104,104);
INSERT INTO sacn_channel VALUES(1,105,105);
INSERT INTO sacn_channel VALUES(1,106,106);
INSERT INTO sacn_channel VALUES(1,107,107);
INSERT INTO sacn_channel VALUES(1,108,108);
INSERT INTO sacn_channel VALUES(1,109,109);
INSERT INTO sacn_channel VALUES(1,110,110);
INSERT INTO sacn_channel VALUES(1,111,111);
INSERT INTO sacn_channel VALUES(1,112,112);
INSERT INTO sacn_channel VALUES(1,113,113);
INSERT INTO sacn_channel VALUES(1,114,114);
INSERT INTO sacn_channel VALUES(1,115,115);
INSERT INTO sacn_channel VALUES(1,116,116);
INSERT INTO sacn_channel VALUES(1,117,117);
INSERT INTO sacn_channel VALUES(1,118,118);
INSERT INTO sacn_channel VALUES(1,119,119);
INSERT INTO sacn_channel VALUES(1,120,120);
INSERT INTO sacn_channel VALUES(1,121,121);
INSERT INTO sacn_channel VALUES(1,122,122);
INSERT INTO sacn_channel VALUES(1,123,123);
INSERT INTO sacn_channel VALUES(1,124,124);
INSERT INTO sacn_channel VALUES(1,125,125);
INSERT INTO sacn_channel VALUES(1,126,126);
INSERT INTO sacn_channel VALUES(1,127,127);
INSERT INTO sacn_channel VALUES(1,128,128);
INSERT INTO sacn_channel VALUES(1,129,129);
INSERT INTO sacn_channel VALUES(1,130,130);
INSERT INTO sacn_channel VALUES(1,131,131);
INSERT INTO sacn_channel VALUES(1,132,132);
INSERT INTO sacn_channel VALUES(1,133,133);
INSERT INTO sacn_channel VALUES(1,134,134);
INSERT INTO sacn_channel VALUES(1,135,135);
INSERT INTO sacn_channel VALUES(1,136,136);
INSERT INTO sacn_channel VALUES(1,137,137);
INSERT INTO sacn_channel VALUES(1,138,138);
INSERT INTO sacn_channel VALUES(1,139,139);
INSERT INTO sacn_channel VALUES(1,140,140);
INSERT INTO sacn_channel VALUES(1,141,141);
INSERT INTO sacn_channel VALUES(1,142,142);
INSERT INTO sacn_channel VALUES(1,143,143);
INSERT INTO sacn_channel VALUES(1,144,144);
INSERT INTO sacn_channel VALUES(1,145,145);
INSERT INTO sacn_channel VALUES(1,146,146);
INSERT INTO sacn_channel VALUES(1,147,147);
INSERT INTO sacn_channel VALUES(1,148,148);
INSERT INTO sacn_channel VALUES(1,149,149);
INSERT INTO sacn_channel VALUES(1,150,150);
INSERT INTO sacn_channel VALUES(1,151,151);
INSERT INTO sacn_channel VALUES(1,152,152);
INSERT INTO sacn_channel VALUES(1,153,153);
INSERT INTO sacn_channel VALUES(1,154,154);
INSERT INTO sacn_channel VALUES(1,155,155);
INSERT INTO sacn_channel VALUES(1,156,156);
INSERT INTO sacn_channel VALUES(1,157,157);
INSERT INTO sacn_channel VALUES(1,158,158);
INSERT INTO sacn_channel VALUES(1,159,159);
INSERT INTO sacn_channel VALUES(1,160,160);
INSERT INTO sacn_channel VALUES(1,161,161);
INSERT INTO sacn_channel VALUES(1,162,162);
INSERT INTO sacn_channel VALUES(1,163,163);
INSERT INTO sacn_channel VALUES(1,164,164);
INSERT INTO sacn_channel VALUES(1,165,165);
INSERT INTO sacn_channel VALUES(1,166,166);
INSERT INTO sacn_channel VALUES(1,167,167);
INSERT INTO sacn_channel VALUES(1,168,168);
INSERT INTO sacn_channel VALUES(1,169,169);
INSERT INTO sacn_channel VALUES(1,170,170);
INSERT INTO sacn_channel VALUES(1,171,171);
INSERT INTO sacn_channel VALUES(1,172,172);
INSERT INTO sacn_channel VALUES(1,173,173);
INSERT INTO sacn_channel VALUES(1,174,174);
INSERT INTO sacn_channel VALUES(1,175,175);
INSERT INTO sacn_channel VALUES(1,176,176);
INSERT INTO sacn_channel VALUES(1,177,177);
INSERT INTO sacn_channel VALUES(1,178,178);
INSERT INTO sacn_channel VALUES(1,179,179);
INSERT INTO sacn_channel VALUES(1,180,180);
INSERT INTO sacn_channel VALUES(1,181,181);
INSERT INTO sacn_channel VALUES(1,182,182);
INSERT INTO sacn_channel VALUES(1,183,183);
INSERT INTO sacn_channel VALUES(1,184,184);
INSERT INTO sacn_channel VALUES(1,185,185);
INSERT INTO sacn_channel VALUES(1,186,186);
INSERT INTO sacn_channel VALUES(1,187,187);
INSERT INTO sacn_channel VALUES(1,188,188);
INSERT INTO sacn_channel VALUES(1,189,189);
INSERT INTO sacn_channel VALUES(1,190,190);
INSERT INTO sacn_channel VALUES(1,191,191);
INSERT INTO sacn_channel VALUES(1,192,192);
INSERT INTO sacn_channel VALUES(1,193,193);
INSERT INTO sacn_channel VALUES(1,194,194);
INSERT INTO sacn_channel VALUES(1,195,195);
INSERT INTO sacn_channel VALUES(1,196,196);
INSERT INTO sacn_channel VALUES(1,197,197);
INSERT INTO sacn_channel VALUES(1,198,198);
INSERT INTO sacn_channel VALUES(1,199,199);
INSERT INTO sacn_channel VALUES(1,200,200);
INSERT INTO sacn_channel VALUES(1,201,201);
INSERT INTO sacn_channel VALUES(1,202,202);
INSERT INTO sacn_channel VALUES(1,203,203);
INSERT INTO sacn_channel VALUES(1,204,204);
INSERT INTO sacn_channel VALUES(1,205,205);
INSERT INTO sacn_channel VALUES(1,206,206);
INSERT INTO sacn_channel VALUES(1,207,207);
INSERT INTO sacn_channel VALUES(1,208,208);
INSERT INTO sacn_channel VALUES(1,209,209);
INSERT INTO sacn_channel VALUES(1,210,210);
INSERT INTO sacn_channel VALUES(1,211,211);
INSERT INTO sacn_channel VALUES(1,212,212);
INSERT INTO sacn_channel VALUES(1,213,213);
INSERT INTO sacn_channel VALUES(1,214,214);
INSERT INTO sacn_channel VALUES(1,215,215);
INSERT INTO sacn_channel VALUES(1,216,216);
INSERT INTO sacn_channel VALUES(1,217,217);
INSERT INTO sacn_channel VALUES(1,218,218);
INSERT INTO sacn_channel VALUES(1,219,219);
INSERT INTO sacn_channel VALUES(1,220,220);
INSERT INTO sacn_channel VALUES(1,221,221);
INSERT INTO sacn_channel VALUES(1,222,222);
INSERT INTO sacn_channel VALUES(1,223,223);
INSERT INTO sacn_channel VALUES(1,224,224);
INSERT INTO sacn_channel VALUES(1,225,225);
INSERT INTO sacn_channel VALUES(1,226,226);
INSERT INTO sacn_channel VALUES(1,227,227);
INSERT INTO sacn_channel VALUES(1,228,228);
INSERT INTO sacn_channel VALUES(1,229,229);
INSERT INTO sacn_channel VALUES(1,230,230);
INSERT INTO sacn_channel VALUES(1,231,231);
INSERT INTO sacn_channel VALUES(1,232,232);
INSERT INTO sacn_channel VALUES(1,233,233);
INSERT INTO sacn_channel VALUES(1,234,234);
INSERT INTO sacn_channel VALUES(1,235,235);
INSERT INTO sacn_channel VALUES(1,236,236);
INSERT INTO sacn_channel VALUES(1,237,237);
INSERT INTO sacn_channel VALUES(1,238,238);
INSERT INTO sacn_channel VALUES(1,239,239);
INSERT INTO sacn_channel VALUES(1,240,240);
INSERT INTO sacn_channel VALUES(1,241,241);
INSERT INTO sacn_channel VALUES(1,242,242);
INSERT INTO sacn_channel VALUES(1,243,243);
INSERT INTO sacn_channel VALUES(1,244,244);
INSERT INTO sacn_channel VALUES(1,245,245);
INSERT INTO sacn_channel VALUES(1,246,246);
INSERT INTO sacn_channel VALUES(1,247,247);
INSERT INTO sacn_channel VALUES(1,248,248);
INSERT INTO sacn_channel VALUES(1,249,249);
INSERT INTO sacn_channel VALUES(1,250,250);
INSERT INTO sacn_channel VALUES(1,251,251);
INSERT INTO sacn_channel VALUES(1,252,252);
INSERT INTO sacn_channel VALUES(1,253,253);
INSERT INTO sacn_channel VALUES(1,254,254);
INSERT INTO sacn_channel VALUES(1,255,255);
INSERT INTO sacn_channel VALUES(1,256,256);
INSERT INTO sacn_channel VALUES(1,257,257);
INSERT INTO sacn_channel VALUES(1,258,258);
INSERT INTO sacn_channel VALUES(1,259,259);
INSERT INTO sacn_channel VALUES(1,260,260);
INSERT INTO sacn_channel VALUES(1,261,261);
INSERT INTO sacn_channel VALUES(1,262,262);
INSERT INTO sacn_channel VALUES(1,263,263);
INSERT INTO sacn_channel VALUES(1,264,264);
INSERT INTO sacn_channel VALUES(1,265,265);
INSERT INTO sacn_channel VALUES(1,266,266);
INSERT INTO sacn_channel VALUES(1,267,267);
INSERT INTO sacn_channel VALUES(1,268,268);
INSERT INTO sacn_channel VALUES(1,269,269);
INSERT INTO sacn_channel VALUES(1,270,270);
INSERT INTO sacn_channel VALUES(1,271,271);
INSERT INTO sacn_channel VALUES(1,272,272);
INSERT INTO sacn_channel VALUES(1,273,273);
INSERT INTO sacn_channel VALUES(1,274,274);
INSERT INTO sacn_channel VALUES(1,275,275);
INSERT INTO sacn_channel VALUES(1,276,276);
INSERT INTO sacn_channel VALUES(1,277,277);
INSERT INTO sacn_channel VALUES(1,278,278);
INSERT INTO sacn_channel VALUES(1,279,279);
INSERT INTO sacn_channel VALUES(1,280,280);
INSERT INTO sacn_channel VALUES(1,281,281);
INSERT INTO sacn_channel VALUES(1,282,282);
INSERT INTO sacn_channel VALUES(1,283,283);
INSERT INTO sacn_channel VALUES(1,284,284);
INSERT INTO sacn_channel VALUES(1,285,285);
INSERT INTO sacn_channel VALUES(1,286,286);
INSERT INTO sacn_channel VALUES(1,287,287);
INSERT INTO sacn_channel VALUES(1,288,288);
INSERT INTO sacn_channel VALUES(1,289,289);
INSERT INTO sacn_channel VALUES(1,290,290);
INSERT INTO sacn_channel VALUES(1,291,291);
INSERT INTO sacn_channel VALUES(1,292,292);
INSERT INTO sacn_channel VALUES(1,293,293);
INSERT INTO sacn_channel VALUES(1,294,294);
INSERT INTO sacn_channel VALUES(1,295,295);
INSERT INTO sacn_channel VALUES(1,296,296);
INSERT INTO sacn_channel VALUES(1,297,297);
INSERT INTO sacn_channel VALUES(1,298,298);
INSERT INTO sacn_channel VALUES(1,299,299);
INSERT INTO sacn_channel VALUES(1,300,300);
INSERT INTO sacn_channel VALUES(1,301,301);
INSERT INTO sacn_channel VALUES(1,302,302);
INSERT INTO sacn_channel VALUES(1,303,303);
INSERT INTO sacn_channel VALUES(1,304,304);
INSERT INTO sacn_channel VALUES(1,305,305);
INSERT INTO sacn_channel VALUES(1,306,306);
INSERT INTO sacn_channel VALUES(1,307,307);
INSERT INTO sacn_channel VALUES(1,308,308);
INSERT INTO sacn_channel VALUES(1,309,309);
INSERT INTO sacn_channel VALUES(1,310,310);
INSERT INTO sacn_channel VALUES(1,311,311);
INSERT INTO sacn_channel VALUES(1,312,312);
INSERT INTO sacn_channel VALUES(1,313,313);
INSERT INTO sacn_channel VALUES(1,314,314);
INSERT INTO sacn_channel VALUES(1,315,315);
INSERT INTO sacn_channel VALUES(1,316,316);
INSERT INTO sacn_channel VALUES(1,317,317);
INSERT INTO sacn_channel VALUES(1,318,318);
INSERT INTO sacn_channel VALUES(1,319,319);
INSERT INTO sacn_channel VALUES(1,320,320);
INSERT INTO sacn_channel VALUES(1,321,321);
INSERT INTO sacn_channel VALUES(1,322,322);
INSERT INTO sacn_channel VALUES(1,323,323);
INSERT INTO sacn_channel VALUES(1,324,324);
INSERT INTO sacn_channel VALUES(1,325,325);
INSERT INTO sacn_channel VALUES(1,326,326);
INSERT INTO sacn_channel VALUES(1,327,327);
INSERT INTO sacn_channel VALUES(1,328,328);
INSERT INTO sacn_channel VALUES(1,329,329);
INSERT INTO sacn_channel VALUES(1,330,330);
INSERT INTO sacn_channel VALUES(1,331,331);
INSERT INTO sacn_channel VALUES(1,332,332);
INSERT INTO sacn_channel VALUES(1,333,333);
INSERT INTO sacn_channel VALUES(1,334,334);
INSERT INTO sacn_channel VALUES(1,335,335);
INSERT INTO sacn_channel VALUES(1,336,336);
INSERT INTO sacn_channel VALUES(1,337,337);
INSERT INTO sacn_channel VALUES(1,338,338);
INSERT INTO sacn_channel VALUES(1,339,339);
INSERT INTO sacn_channel VALUES(1,340,340);
INSERT INTO sacn_channel VALUES(1,341,341);
INSERT INTO sacn_channel VALUES(1,342,342);
INSERT INTO sacn_channel VALUES(1,343,343);
INSERT INTO sacn_channel VALUES(1,344,344);
INSERT INTO sacn_channel VALUES(1,345,345);
INSERT INTO sacn_channel VALUES(1,346,346);
INSERT INTO sacn_channel VALUES(1,347,347);
INSERT INTO sacn_channel VALUES(1,348,348);
INSERT INTO sacn_channel VALUES(1,349,349);
INSERT INTO sacn_channel VALUES(1,350,350);
INSERT INTO sacn_channel VALUES(1,351,351);
INSERT INTO sacn_channel VALUES(1,352,352);
INSERT INTO sacn_channel VALUES(1,353,353);
INSERT INTO sacn_channel VALUES(1,354,354);
INSERT INTO sacn_channel VALUES(1,355,355);
INSERT INTO sacn_channel VALUES(1,356,356);
INSERT INTO sacn_channel VALUES(1,357,357);
INSERT INTO sacn_channel VALUES(1,358,358);
INSERT INTO sacn_channel VALUES(1,359,359);
INSERT INTO sacn_channel VALUES(1,360,360);
INSERT INTO sacn_channel VALUES(1,361,361);
INSERT INTO sacn_channel VALUES(1,362,362);
INSERT INTO sacn_channel VALUES(1,363,363);
INSERT INTO sacn_channel VALUES(1,364,364);
INSERT INTO sacn_channel VALUES(1,365,365);
INSERT INTO sacn_channel VALUES(1,366,366);
INSERT INTO sacn_channel VALUES(1,367,367);
INSERT INTO sacn_channel VALUES(1,368,368);
INSERT INTO sacn_channel VALUES(1,369,369);
INSERT INTO sacn_channel VALUES(1,370,370);
INSERT INTO sacn_channel VALUES(1,371,371);
INSERT INTO sacn_channel VALUES(1,372,372);
INSERT INTO sacn_channel VALUES(1,373,373);
INSERT INTO sacn_channel VALUES(1,374,374);
INSERT INTO sacn_channel VALUES(1,375,375);
INSERT INTO sacn_channel VALUES(1,376,376);
INSERT INTO sacn_channel VALUES(1,377,377);
INSERT INTO sacn_channel VALUES(1,378,378);
INSERT INTO sacn_channel VALUES(1,379,379);
INSERT INTO sacn_channel VALUES(1,380,380);
INSERT INTO sacn_channel VALUES(1,381,381);
INSERT INTO sacn_channel VALUES(1,382,382);
INSERT INTO sacn_channel VALUES(1,383,383);
INSERT INTO sacn_channel VALUES(1,384,384);
INSERT INTO sacn_channel VALUES(1,385,385);
INSERT INTO sacn_channel VALUES(1,386,386);
INSERT INTO sacn_channel VALUES(1,387,387);
INSERT INTO sacn_channel VALUES(1,388,388);
INSERT INTO sacn_channel VALUES(1,389,389);
INSERT INTO sacn_channel VALUES(1,390,390);
INSERT INTO sacn_channel VALUES(1,391,391);
INSERT INTO sacn_channel VALUES(1,392,392);
INSERT INTO sacn_channel VALUES(1,393,393);
INSERT INTO sacn_channel VALUES(1,394,394);
INSERT INTO sacn_channel VALUES(1,395,395);
INSERT INTO sacn_channel VALUES(1,396,396);
INSERT INTO sacn_channel VALUES(1,397,397);
INSERT INTO sacn_channel VALUES(1,398,398);
INSERT INTO sacn_channel VALUES(1,399,399);
INSERT INTO sacn_channel VALUES(1,400,400);
INSERT INTO sacn_channel VALUES(1,401,401);
INSERT INTO sacn_channel VALUES(1,402,402);
INSERT INTO sacn_channel VALUES(1,403,403);
INSERT INTO sacn_channel VALUES(1,404,404);
INSERT INTO sacn_channel VALUES(1,405,405);
INSERT INTO sacn_channel VALUES(1,406,406);
INSERT INTO sacn_channel VALUES(1,407,407);
INSERT INTO sacn_channel VALUES(1,408,408);
INSERT INTO sacn_channel VALUES(1,409,409);
INSERT INTO sacn_channel VALUES(1,410,410);
INSERT INTO sacn_channel VALUES(1,411,411);
INSERT INTO sacn_channel VALUES(1,412,412);
INSERT INTO sacn_channel VALUES(1,413,413);
INSERT INTO sacn_channel VALUES(1,414,414);
INSERT INTO sacn_channel VALUES(1,415,415);
INSERT INTO sacn_channel VALUES(1,416,416);
INSERT INTO sacn_channel VALUES(1,417,417);
INSERT INTO sacn_channel VALUES(1,418,418);
INSERT INTO sacn_channel VALUES(1,419,419);
INSERT INTO sacn_channel VALUES(1,420,420);
INSERT INTO sacn_channel VALUES(1,421,421);
INSERT INTO sacn_channel VALUES(1,422,422);
INSERT INTO sacn_channel VALUES(1,423,423);
INSERT INTO sacn_channel VALUES(1,424,424);
INSERT INTO sacn_channel VALUES(1,425,425);
INSERT INTO sacn_channel VALUES(1,426,426);
INSERT INTO sacn_channel VALUES(1,427,427);
INSERT INTO sacn_channel VALUES(1,428,428);
INSERT INTO sacn_channel VALUES(1,429,429);
INSERT INTO sacn_channel VALUES(1,430,430);
INSERT INTO sacn_channel VALUES(1,431,431);
INSERT INTO sacn_channel VALUES(1,432,432);
INSERT INTO sacn_channel VALUES(1,433,433);
INSERT INTO sacn_channel VALUES(1,434,434);
INSERT INTO sacn_channel VALUES(1,435,435);
INSERT INTO sacn_channel VALUES(1,436,436);
INSERT INTO sacn_channel VALUES(1,437,437);
INSERT INTO sacn_channel VALUES(1,438,438);
INSERT INTO sacn_channel VALUES(1,439,439);
INSERT INTO sacn_channel VALUES(1,440,440);
INSERT INTO sacn_channel VALUES(1,441,441);
INSERT INTO sacn_channel VALUES(1,442,442);
INSERT INTO sacn_channel VALUES(1,443,443);
INSERT INTO sacn_channel VALUES(1,444,444);
INSERT INTO sacn_channel VALUES(1,445,445);
INSERT INTO sacn_channel VALUES(1,446,446);
INSERT INTO sacn_channel VALUES(1,447,447);
INSERT INTO sacn_channel VALUES(1,448,448);
INSERT INTO sacn_channel VALUES(1,449,449);
INSERT INTO sacn_channel VALUES(1,450,450);
INSERT INTO sacn_channel VALUES(1,451,451);
INSERT INTO sacn_channel VALUES(1,452,452);
INSERT INTO sacn_channel VALUES(1,453,453);
INSERT INTO sacn_channel VALUES(1,454,454);
INSERT INTO sacn_channel VALUES(1,455,455);
INSERT INTO sacn_channel VALUES(1,456,456);
INSERT INTO sacn_channel VALUES(1,457,457);
INSERT INTO sacn_channel VALUES(1,458,458);
INSERT INTO sacn_channel VALUES(1,459,459);
INSERT INTO sacn_channel VALUES(1,460,460);
INSERT INTO sacn_channel VALUES(1,461,461);
INSERT INTO sacn_channel VALUES(1,462,462);
INSERT INTO sacn_channel VALUES(1,463,463);
INSERT INTO sacn_channel VALUES(1,464,464);
INSERT INTO sacn_channel VALUES(1,465,465);
INSERT INTO sacn_channel VALUES(1,466,466);
INSERT INTO sacn_channel VALUES(1,467,467);
INSERT INTO sacn_channel VALUES(1,468,468);
INSERT INTO sacn_channel VALUES(1,469,469);
INSERT INTO sacn_channel VALUES(1,470,470);
INSERT INTO sacn_channel VALUES(1,471,471);
INSERT INTO sacn_channel VALUES(1,472,472);
INSERT INTO sacn_channel VALUES(1,473,473);
INSERT INTO sacn_channel VALUES(1,474,474);
INSERT INTO sacn_channel VALUES(1,475,475);
INSERT INTO sacn_channel VALUES(1,476,476);
INSERT INTO sacn_channel VALUES(1,477,477);
INSERT INTO sacn_channel VALUES(1,478,478);
INSERT INTO sacn_channel VALUES(1,479,479);
INSERT INTO sacn_channel VALUES(1,480,480);
INSERT INTO sacn_channel VALUES(1,481,481);
INSERT INTO sacn_channel VALUES(1,482,482);
INSERT INTO sacn_channel VALUES(1,483,483);
INSERT INTO sacn_channel VALUES(1,484,484);
INSERT INTO sacn_channel VALUES(1,485,485);
INSERT INTO sacn_channel VALUES(1,486,486);
INSERT INTO sacn_channel VALUES(1,487,487);
INSERT INTO sacn_channel VALUES(1,488,488);
INSERT INTO sacn_channel VALUES(1,489,489);
INSERT INTO sacn_channel VALUES(1,490,490);
INSERT INTO sacn_channel VALUES(1,491,491);
INSERT INTO sacn_channel VALUES(1,492,492);
INSERT INTO sacn_channel VALUES(1,493,493);
INSERT INTO sacn_channel VALUES(1,494,494);
INSERT INTO sacn_channel VALUES(1,495,495);
INSERT INTO sacn_channel VALUES(1,496,496);
INSERT INTO sacn_channel VALUES(1,497,497);
INSERT INTO sacn_channel VALUES(1,498,498);
INSERT INTO sacn_channel VALUES(1,499,499);
INSERT INTO sacn_channel VALUES(1,500,500);
INSERT INTO sacn_channel VALUES(1,501,501);
INSERT INTO sacn_channel VALUES(1,502,502);
INSERT INTO sacn_channel VALUES(1,503,503);
INSERT INTO sacn_channel VALUES(1,504,504);
INSERT INTO sacn_channel VALUES(1,505,505);
INSERT INTO sacn_channel VALUES(1,506,506);
INSERT INTO sacn_channel VALUES(1,507,507);
INSERT INTO sacn_channel VALUES(1,508,508);
INSERT INTO sacn_channel VALUES(1,509,509);
INSERT INTO sacn_channel VALUES(1,510,510);
INSERT INTO sacn_channel VALUES(1,511,511);
INSERT INTO sacn_channel VALUES(1,512,512);
INSERT INTO sacn_channel VALUES(2,513,1);
INSERT INTO sacn_channel VALUES(2,514,2);
INSERT INTO sacn_channel VALUES(2,515,3);
INSERT INTO sacn_channel VALUES(2,516,4);
INSERT INTO sacn_channel VALUES(2,517,5);
INSERT INTO sacn_channel VALUES(2,518,6);
INSERT INTO sacn_channel VALUES(2,519,7);
INSERT INTO sacn_channel VALUES(2,520,8);
INSERT INTO sacn_channel VALUES(2,521,9);
INSERT INTO sacn_channel VALUES(2,522,10);
INSERT INTO sacn_channel VALUES(2,523,11);
INSERT INTO sacn_channel VALUES(2,524,12);
INSERT INTO sacn_channel VALUES(2,525,13);
INSERT INTO sacn_channel VALUES(2,526,14);
INSERT INTO sacn_channel VALUES(2,527,15);
INSERT INTO sacn_channel VALUES(2,528,16);
INSERT INTO sacn_channel VALUES(2,529,17);
INSERT INTO sacn_channel VALUES(2,530,18);
INSERT INTO sacn_channel VALUES(2,531,19);
INSERT INTO sacn_channel VALUES(2,532,20);
INSERT INTO sacn_channel VALUES(2,533,21);
INSERT INTO sacn_channel VALUES(2,534,22);
INSERT INTO sacn_channel VALUES(2,535,23);
INSERT INTO sacn_channel VALUES(2,536,24);
INSERT INTO sacn_channel VALUES(2,537,25);
INSERT INTO sacn_channel VALUES(2,538,26);
INSERT INTO sacn_channel VALUES(2,539,27);
INSERT INTO sacn_channel VALUES(2,540,28);
INSERT INTO sacn_channel VALUES(2,541,29);
INSERT INTO sacn_channel VALUES(2,542,30);
INSERT INTO sacn_channel VALUES(2,543,31);
INSERT INTO sacn_channel VALUES(2,544,32);
INSERT INTO sacn_channel VALUES(2,545,33);
INSERT INTO sacn_channel VALUES(2,546,34);
INSERT INTO sacn_channel VALUES(2,547,35);
INSERT INTO sacn_channel VALUES(2,548,36);
INSERT INTO sacn_channel VALUES(2,549,37);
INSERT INTO sacn_channel VALUES(2,550,38);
INSERT INTO sacn_channel VALUES(2,551,39);
INSERT INTO sacn_channel VALUES(2,552,40);
INSERT INTO sacn_channel VALUES(2,553,41);
INSERT INTO sacn_channel VALUES(2,554,42);
INSERT INTO sacn_channel VALUES(2,555,43);
INSERT INTO sacn_channel VALUES(2,556,44);
INSERT INTO sacn_channel VALUES(2,557,45);
INSERT INTO sacn_channel VALUES(2,558,46);
INSERT INTO sacn_channel VALUES(2,559,47);
INSERT INTO sacn_channel VALUES(2,560,48);
INSERT INTO sacn_channel VALUES(2,561,49);
INSERT INTO sacn_channel VALUES(2,562,50);
INSERT INTO sacn_channel VALUES(2,563,51);
INSERT INTO sacn_channel VALUES(2,564,52);
INSERT INTO sacn_channel VALUES(2,565,53);
INSERT INTO sacn_channel VALUES(2,566,54);
INSERT INTO sacn_channel VALUES(2,567,55);
INSERT INTO sacn_channel VALUES(2,568,56);
INSERT INTO sacn_channel VALUES(2,569,57);
INSERT INTO sacn_channel VALUES(2,570,58);
INSERT INTO sacn_channel VALUES(2,571,59);
INSERT INTO sacn_channel VALUES(2,572,60);
INSERT INTO sacn_channel VALUES(2,573,61);
INSERT INTO sacn_channel VALUES(2,574,62);
INSERT INTO sacn_channel VALUES(2,575,63);
INSERT INTO sacn_channel VALUES(2,576,64);
INSERT INTO sacn_channel VALUES(2,577,65);
INSERT INTO sacn_channel VALUES(2,578,66);
INSERT INTO sacn_channel VALUES(2,579,67);
INSERT INTO sacn_channel VALUES(2,580,68);
INSERT INTO sacn_channel VALUES(2,581,69);
INSERT INTO sacn_channel VALUES(2,582,70);
INSERT INTO sacn_channel VALUES(2,583,71);
INSERT INTO sacn_channel VALUES(2,584,72);
INSERT INTO sacn_channel VALUES(2,585,73);
INSERT INTO sacn_channel VALUES(2,586,74);
INSERT INTO sacn_channel VALUES(2,587,75);
INSERT INTO sacn_channel VALUES(2,588,76);
INSERT INTO sacn_channel VALUES(2,589,77);
INSERT INTO sacn_channel VALUES(2,590,78);
INSERT INTO sacn_channel VALUES(2,591,79);
INSERT INTO sacn_channel VALUES(2,592,80);
INSERT INTO sacn_channel VALUES(2,593,81);
INSERT INTO sacn_channel VALUES(2,594,82);
INSERT INTO sacn_channel VALUES(2,595,83);
INSERT INTO sacn_channel VALUES(2,596,84);
INSERT INTO sacn_channel VALUES(2,597,85);
INSERT INTO sacn_channel VALUES(2,598,86);
INSERT INTO sacn_channel VALUES(2,599,87);
INSERT INTO sacn_channel VALUES(2,600,88);
INSERT INTO sacn_channel VALUES(2,601,89);
INSERT INTO sacn_channel VALUES(2,602,90);
INSERT INTO sacn_channel VALUES(2,603,91);
INSERT INTO sacn_channel VALUES(2,604,92);
INSERT INTO sacn_channel VALUES(2,605,93);
INSERT INTO sacn_channel VALUES(2,606,94);
INSERT INTO sacn_channel VALUES(2,607,95);
INSERT INTO sacn_channel VALUES(2,608,96);
INSERT INTO sacn_channel VALUES(2,609,97);
INSERT INTO sacn_channel VALUES(2,610,98);
INSERT INTO sacn_channel VALUES(2,611,99);
INSERT INTO sacn_channel VALUES(2,612,100);
INSERT INTO sacn_channel VALUES(2,613,101);
INSERT INTO sacn_channel VALUES(2,614,102);
INSERT INTO sacn_channel VALUES(2,615,103);
INSERT INTO sacn_channel VALUES(2,616,104);
INSERT INTO sacn_channel VALUES(2,617,105);
INSERT INTO sacn_channel VALUES(2,618,106);
INSERT INTO sacn_channel VALUES(2,619,107);
INSERT INTO sacn_channel VALUES(2,620,108);
INSERT INTO sacn_channel VALUES(2,621,109);
INSERT INTO sacn_channel VALUES(2,622,110);
INSERT INTO sacn_channel VALUES(2,623,111);
INSERT INTO sacn_channel VALUES(2,624,112);
INSERT INTO sacn_channel VALUES(2,625,113);
INSERT INTO sacn_channel VALUES(2,626,114);
INSERT INTO sacn_channel VALUES(2,627,115);
INSERT INTO sacn_channel VALUES(2,628,116);
INSERT INTO sacn_channel VALUES(2,629,117);
INSERT INTO sacn_channel VALUES(2,630,118);
INSERT INTO sacn_channel VALUES(2,631,119);
INSERT INTO sacn_channel VALUES(2,632,120);
INSERT INTO sacn_channel VALUES(2,633,121);
INSERT INTO sacn_channel VALUES(2,634,122);
INSERT INTO sacn_channel VALUES(2,635,123);
INSERT INTO sacn_channel VALUES(2,636,124);
INSERT INTO sacn_channel VALUES(2,637,125);
INSERT INTO sacn_channel VALUES(2,638,126);
INSERT INTO sacn_channel VALUES(2,639,127);
INSERT INTO sacn_channel VALUES(2,640,128);
INSERT INTO sacn_channel VALUES(2,641,129);
INSERT INTO sacn_channel VALUES(2,642,130);
INSERT INTO sacn_channel VALUES(2,643,131);
INSERT INTO sacn_channel VALUES(2,644,132);
INSERT INTO sacn_channel VALUES(2,645,133);
INSERT INTO sacn_channel VALUES(2,646,134);
INSERT INTO sacn_channel VALUES(2,647,135);
INSERT INTO sacn_channel VALUES(2,648,136);
INSERT INTO sacn_channel VALUES(2,649,137);
INSERT INTO sacn_channel VALUES(2,650,138);
INSERT INTO sacn_channel VALUES(2,651,139);
INSERT INTO sacn_channel VALUES(2,652,140);
INSERT INTO sacn_channel VALUES(2,653,141);
INSERT INTO sacn_channel VALUES(2,654,142);
INSERT INTO sacn_channel VALUES(2,655,143);
INSERT INTO sacn_channel VALUES(2,656,144);
INSERT INTO sacn_channel VALUES(2,657,145);
INSERT INTO sacn_channel VALUES(2,658,146);
INSERT INTO sacn_channel VALUES(2,659,147);
INSERT INTO sacn_channel VALUES(2,660,148);
INSERT INTO sacn_channel VALUES(2,661,149);
INSERT INTO sacn_channel VALUES(2,662,150);
INSERT INTO sacn_channel VALUES(2,663,151);
INSERT INTO sacn_channel VALUES(2,664,152);
INSERT INTO sacn_channel VALUES(2,665,153);
INSERT INTO sacn_channel VALUES(2,666,154);
INSERT INTO sacn_channel VALUES(2,667,155);
INSERT INTO sacn_channel VALUES(2,668,156);
INSERT INTO sacn_channel VALUES(2,669,157);
INSERT INTO sacn_channel VALUES(2,670,158);
INSERT INTO sacn_channel VALUES(2,671,159);
INSERT INTO sacn_channel VALUES(2,672,160);
INSERT INTO sacn_channel VALUES(2,673,161);
INSERT INTO sacn_channel VALUES(2,674,162);
INSERT INTO sacn_channel VALUES(2,675,163);
INSERT INTO sacn_channel VALUES(2,676,164);
INSERT INTO sacn_channel VALUES(2,677,165);
INSERT INTO sacn_channel VALUES(2,678,166);
INSERT INTO sacn_channel VALUES(2,679,167);
INSERT INTO sacn_channel VALUES(2,680,168);
INSERT INTO sacn_channel VALUES(2,681,169);
INSERT INTO sacn_channel VALUES(2,682,170);
INSERT INTO sacn_channel VALUES(2,683,171);
INSERT INTO sacn_channel VALUES(2,684,172);
INSERT INTO sacn_channel VALUES(2,685,173);
INSERT INTO sacn_channel VALUES(2,686,174);
INSERT INTO sacn_channel VALUES(2,687,175);
INSERT INTO sacn_channel VALUES(2,688,176);
INSERT INTO sacn_channel VALUES(2,689,177);
INSERT INTO sacn_channel VALUES(2,690,178);
INSERT INTO sacn_channel VALUES(2,691,179);
INSERT INTO sacn_channel VALUES(2,692,180);
INSERT INTO sacn_channel VALUES(2,693,181);
INSERT INTO sacn_channel VALUES(2,694,182);
INSERT INTO sacn_channel VALUES(2,695,183);
INSERT INTO sacn_channel VALUES(2,696,184);
INSERT INTO sacn_channel VALUES(2,697,185);
INSERT INTO sacn_channel VALUES(2,698,186);
INSERT INTO sacn_channel VALUES(2,699,187);
INSERT INTO sacn_channel VALUES(2,700,188);
INSERT INTO sacn_channel VALUES(2,701,189);
INSERT INTO sacn_channel VALUES(2,702,190);
INSERT INTO sacn_channel VALUES(2,703,191);
INSERT INTO sacn_channel VALUES(2,704,192);
INSERT INTO sacn_channel VALUES(2,705,193);
INSERT INTO sacn_channel VALUES(2,706,194);
INSERT INTO sacn_channel VALUES(2,707,195);
INSERT INTO sacn_channel VALUES(2,708,196);
INSERT INTO sacn_channel VALUES(2,709,197);
INSERT INTO sacn_channel VALUES(2,710,198);
INSERT INTO sacn_channel VALUES(2,711,199);
INSERT INTO sacn_channel VALUES(2,712,200);
INSERT INTO sacn_channel VALUES(2,713,201);
INSERT INTO sacn_channel VALUES(2,714,202);
INSERT INTO sacn_channel VALUES(2,715,203);
INSERT INTO sacn_channel VALUES(2,716,204);
INSERT INTO sacn_channel VALUES(2,717,205);
INSERT INTO sacn_channel VALUES(2,718,206);
INSERT INTO sacn_channel VALUES(2,719,207);
INSERT INTO sacn_channel VALUES(2,720,208);
INSERT INTO sacn_channel VALUES(2,721,209);
INSERT INTO sacn_channel VALUES(2,722,210);
INSERT INTO sacn_channel VALUES(2,723,211);
INSERT INTO sacn_channel VALUES(2,724,212);
INSERT INTO sacn_channel VALUES(2,725,213);
INSERT INTO sacn_channel VALUES(2,726,214);
INSERT INTO sacn_channel VALUES(2,727,215);
INSERT INTO sacn_channel VALUES(2,728,216);
INSERT INTO sacn_channel VALUES(2,729,217);
INSERT INTO sacn_channel VALUES(2,730,218);
INSERT INTO sacn_channel VALUES(2,731,219);
INSERT INTO sacn_channel VALUES(2,732,220);
INSERT INTO sacn_channel VALUES(2,733,221);
INSERT INTO sacn_channel VALUES(2,734,222);
INSERT INTO sacn_channel VALUES(2,735,223);
INSERT INTO sacn_channel VALUES(2,736,224);
INSERT INTO sacn_channel VALUES(2,737,225);
INSERT INTO sacn_channel VALUES(2,738,226);
INSERT INTO sacn_channel VALUES(2,739,227);
INSERT INTO sacn_channel VALUES(2,740,228);
INSERT INTO sacn_channel VALUES(2,741,229);
INSERT INTO sacn_channel VALUES(2,742,230);
INSERT INTO sacn_channel VALUES(2,743,231);
INSERT INTO sacn_channel VALUES(2,744,232);
INSERT INTO sacn_channel VALUES(2,745,233);
INSERT INTO sacn_channel VALUES(2,746,234);
INSERT INTO sacn_channel VALUES(2,747,235);
INSERT INTO sacn_channel VALUES(2,748,236);
INSERT INTO sacn_channel VALUES(2,749,237);
INSERT INTO sacn_channel VALUES(2,750,238);
INSERT INTO sacn_channel VALUES(2,751,239);
INSERT INTO sacn_channel VALUES(2,752,240);
INSERT INTO sacn_channel VALUES(2,753,241);
INSERT INTO sacn_channel VALUES(2,754,242);
INSERT INTO sacn_channel VALUES(2,755,243);
INSERT INTO sacn_channel VALUES(2,756,244);
INSERT INTO sacn_channel VALUES(2,757,245);
INSERT INTO sacn_channel VALUES(2,758,246);
INSERT INTO sacn_channel VALUES(2,759,247);
INSERT INTO sacn_channel VALUES(2,760,248);
INSERT INTO sacn_channel VALUES(2,761,249);
INSERT INTO sacn_channel VALUES(2,762,250);
INSERT INTO sacn_channel VALUES(2,763,251);
INSERT INTO sacn_channel VALUES(2,764,252);
INSERT INTO sacn_channel VALUES(2,765,253);
INSERT INTO sacn_channel VALUES(2,766,254);
INSERT INTO sacn_channel VALUES(2,767,255);
INSERT INTO sacn_channel VALUES(2,768,256);
INSERT INTO sacn_channel VALUES(2,769,257);
INSERT INTO sacn_channel VALUES(2,770,258);
INSERT INTO sacn_channel VALUES(2,771,259);
INSERT INTO sacn_channel VALUES(2,772,260);
INSERT INTO sacn_channel VALUES(2,773,261);
INSERT INTO sacn_channel VALUES(2,774,262);
INSERT INTO sacn_channel VALUES(2,775,263);
INSERT INTO sacn_channel VALUES(2,776,264);
INSERT INTO sacn_channel VALUES(2,777,265);
INSERT INTO sacn_channel VALUES(2,778,266);
INSERT INTO sacn_channel VALUES(2,779,267);
INSERT INTO sacn_channel VALUES(2,780,268);
INSERT INTO sacn_channel VALUES(2,781,269);
INSERT INTO sacn_channel VALUES(2,782,270);
INSERT INTO sacn_channel VALUES(2,783,271);
INSERT INTO sacn_channel VALUES(2,784,272);
INSERT INTO sacn_channel VALUES(2,785,273);
INSERT INTO sacn_channel VALUES(2,786,274);
INSERT INTO sacn_channel VALUES(2,787,275);
INSERT INTO sacn_channel VALUES(2,788,276);
INSERT INTO sacn_channel VALUES(2,789,277);
INSERT INTO sacn_channel VALUES(2,790,278);
INSERT INTO sacn_channel VALUES(2,791,279);
INSERT INTO sacn_channel VALUES(2,792,280);
INSERT INTO sacn_channel VALUES(2,793,281);
INSERT INTO sacn_channel VALUES(2,794,282);
INSERT INTO sacn_channel VALUES(2,795,283);
INSERT INTO sacn_channel VALUES(2,796,284);
INSERT INTO sacn_channel VALUES(2,797,285);
INSERT INTO sacn_channel VALUES(2,798,286);
INSERT INTO sacn_channel VALUES(2,799,287);
INSERT INTO sacn_channel VALUES(2,800,288);
INSERT INTO sacn_channel VALUES(2,801,289);
INSERT INTO sacn_channel VALUES(2,802,290);
INSERT INTO sacn_channel VALUES(2,803,291);
INSERT INTO sacn_channel VALUES(2,804,292);
INSERT INTO sacn_channel VALUES(2,805,293);
INSERT INTO sacn_channel VALUES(2,806,294);
INSERT INTO sacn_channel VALUES(2,807,295);
INSERT INTO sacn_channel VALUES(2,808,296);
INSERT INTO sacn_channel VALUES(2,809,297);
INSERT INTO sacn_channel VALUES(2,810,298);
INSERT INTO sacn_channel VALUES(2,811,299);
INSERT INTO sacn_channel VALUES(2,812,300);
INSERT INTO sacn_channel VALUES(2,813,301);
INSERT INTO sacn_channel VALUES(2,814,302);
INSERT INTO sacn_channel VALUES(2,815,303);
INSERT INTO sacn_channel VALUES(2,816,304);
INSERT INTO sacn_channel VALUES(2,817,305);
INSERT INTO sacn_channel VALUES(2,818,306);
INSERT INTO sacn_channel VALUES(2,819,307);
INSERT INTO sacn_channel VALUES(2,820,308);
INSERT INTO sacn_channel VALUES(2,821,309);
INSERT INTO sacn_channel VALUES(2,822,310);
INSERT INTO sacn_channel VALUES(2,823,311);
INSERT INTO sacn_channel VALUES(2,824,312);
INSERT INTO sacn_channel VALUES(2,825,313);
INSERT INTO sacn_channel VALUES(2,826,314);
INSERT INTO sacn_channel VALUES(2,827,315);
INSERT INTO sacn_channel VALUES(2,828,316);
INSERT INTO sacn_channel VALUES(2,829,317);
INSERT INTO sacn_channel VALUES(2,830,318);
INSERT INTO sacn_channel VALUES(2,831,319);
INSERT INTO sacn_channel VALUES(2,832,320);
INSERT INTO sacn_channel VALUES(2,833,321);
INSERT INTO sacn_channel VALUES(2,834,322);
INSERT INTO sacn_channel VALUES(2,835,323);
INSERT INTO sacn_channel VALUES(2,836,324);
INSERT INTO sacn_channel VALUES(2,837,325);
INSERT INTO sacn_channel VALUES(2,838,326);
INSERT INTO sacn_channel VALUES(2,839,327);
INSERT INTO sacn_channel VALUES(2,840,328);
INSERT INTO sacn_channel VALUES(2,841,329);
INSERT INTO sacn_channel VALUES(2,842,330);
INSERT INTO sacn_channel VALUES(2,843,331);
INSERT INTO sacn_channel VALUES(2,844,332);
INSERT INTO sacn_channel VALUES(2,845,333);
INSERT INTO sacn_channel VALUES(2,846,334);
INSERT INTO sacn_channel VALUES(2,847,335);
INSERT INTO sacn_channel VALUES(2,848,336);
INSERT INTO sacn_channel VALUES(2,849,337);
INSERT INTO sacn_channel VALUES(2,850,338);
INSERT INTO sacn_channel VALUES(2,851,339);
INSERT INTO sacn_channel VALUES(2,852,340);
INSERT INTO sacn_channel VALUES(2,853,341);
INSERT INTO sacn_channel VALUES(2,854,342);
INSERT INTO sacn_channel VALUES(2,855,343);
INSERT INTO sacn_channel VALUES(2,856,344);
INSERT INTO sacn_channel VALUES(2,857,345);
INSERT INTO sacn_channel VALUES(2,858,346);
INSERT INTO sacn_channel VALUES(2,859,347);
INSERT INTO sacn_channel VALUES(2,860,348);
INSERT INTO sacn_channel VALUES(2,861,349);
INSERT INTO sacn_channel VALUES(2,862,350);
INSERT INTO sacn_channel VALUES(2,863,351);
INSERT INTO sacn_channel VALUES(2,864,352);
INSERT INTO sacn_channel VALUES(2,865,353);
INSERT INTO sacn_channel VALUES(2,866,354);
INSERT INTO sacn_channel VALUES(2,867,355);
INSERT INTO sacn_channel VALUES(2,868,356);
INSERT INTO sacn_channel VALUES(2,869,357);
INSERT INTO sacn_channel VALUES(2,870,358);
INSERT INTO sacn_channel VALUES(2,871,359);
INSERT INTO sacn_channel VALUES(2,872,360);
INSERT INTO sacn_channel VALUES(2,873,361);
INSERT INTO sacn_channel VALUES(2,874,362);
INSERT INTO sacn_channel VALUES(2,875,363);
INSERT INTO sacn_channel VALUES(2,876,364);
INSERT INTO sacn_channel VALUES(2,877,365);
INSERT INTO sacn_channel VALUES(2,878,366);
INSERT INTO sacn_channel VALUES(2,879,367);
INSERT INTO sacn_channel VALUES(2,880,368);
INSERT INTO sacn_channel VALUES(2,881,369);
INSERT INTO sacn_channel VALUES(2,882,370);
INSERT INTO sacn_channel VALUES(2,883,371);
INSERT INTO sacn_channel VALUES(2,884,372);
INSERT INTO sacn_channel VALUES(2,885,373);
INSERT INTO sacn_channel VALUES(2,886,374);
INSERT INTO sacn_channel VALUES(2,887,375);
INSERT INTO sacn_channel VALUES(2,888,376);
INSERT INTO sacn_channel VALUES(2,889,377);
INSERT INTO sacn_channel VALUES(2,890,378);
INSERT INTO sacn_channel VALUES(2,891,379);
INSERT INTO sacn_channel VALUES(2,892,380);
INSERT INTO sacn_channel VALUES(2,893,381);
INSERT INTO sacn_channel VALUES(2,894,382);
INSERT INTO sacn_channel VALUES(2,895,383);
INSERT INTO sacn_channel VALUES(2,896,384);
INSERT INTO sacn_channel VALUES(2,897,385);
INSERT INTO sacn_channel VALUES(2,898,386);
INSERT INTO sacn_channel VALUES(2,899,387);
INSERT INTO sacn_channel VALUES(2,900,388);
INSERT INTO sacn_channel VALUES(2,901,389);
INSERT INTO sacn_channel VALUES(2,902,390);
INSERT INTO sacn_channel VALUES(2,903,391);
INSERT INTO sacn_channel VALUES(2,904,392);
INSERT INTO sacn_channel VALUES(2,905,393);
INSERT INTO sacn_channel VALUES(2,906,394);
INSERT INTO sacn_channel VALUES(2,907,395);
INSERT INTO sacn_channel VALUES(2,908,396);
INSERT INTO sacn_channel VALUES(2,909,397);
INSERT INTO sacn_channel VALUES(2,910,398);
INSERT INTO sacn_channel VALUES(2,911,399);
INSERT INTO sacn_channel VALUES(2,912,400);
INSERT INTO sacn_channel VALUES(2,913,401);
INSERT INTO sacn_channel VALUES(2,914,402);
INSERT INTO sacn_channel VALUES(2,915,403);
INSERT INTO sacn_channel VALUES(2,916,404);
INSERT INTO sacn_channel VALUES(2,917,405);
INSERT INTO sacn_channel VALUES(2,918,406);
INSERT INTO sacn_channel VALUES(2,919,407);
INSERT INTO sacn_channel VALUES(2,920,408);
INSERT INTO sacn_channel VALUES(2,921,409);
INSERT INTO sacn_channel VALUES(2,922,410);
INSERT INTO sacn_channel VALUES(2,923,411);
INSERT INTO sacn_channel VALUES(2,924,412);
INSERT INTO sacn_channel VALUES(2,925,413);
INSERT INTO sacn_channel VALUES(2,926,414);
INSERT INTO sacn_channel VALUES(2,927,415);
INSERT INTO sacn_channel VALUES(2,928,416);
INSERT INTO sacn_channel VALUES(2,929,417);
INSERT INTO sacn_channel VALUES(2,930,418);
INSERT INTO sacn_channel VALUES(2,931,419);
INSERT INTO sacn_channel VALUES(2,932,420);
INSERT INTO sacn_channel VALUES(2,933,421);
INSERT INTO sacn_channel VALUES(2,934,422);
INSERT INTO sacn_channel VALUES(2,935,423);
INSERT INTO sacn_channel VALUES(2,936,424);
INSERT INTO sacn_channel VALUES(2,937,425);
INSERT INTO sacn_channel VALUES(2,938,426);
INSERT INTO sacn_channel VALUES(2,939,427);
INSERT INTO sacn_channel VALUES(2,940,428);
INSERT INTO sacn_channel VALUES(2,941,429);
INSERT INTO sacn_channel VALUES(2,942,430);
INSERT INTO sacn_channel VALUES(2,943,431);
INSERT INTO sacn_channel VALUES(2,944,432);
INSERT INTO sacn_channel VALUES(2,945,433);
INSERT INTO sacn_channel VALUES(2,946,434);
INSERT INTO sacn_channel VALUES(2,947,435);
INSERT INTO sacn_channel VALUES(2,948,436);
INSERT INTO sacn_channel VALUES(2,949,437);
INSERT INTO sacn_channel VALUES(2,950,438);
INSERT INTO sacn_channel VALUES(2,951,439);
INSERT INTO sacn_channel VALUES(2,952,440);
INSERT INTO sacn_channel VALUES(2,953,441);
INSERT INTO sacn_channel VALUES(2,954,442);
INSERT INTO sacn_channel VALUES(2,955,443);
INSERT INTO sacn_channel VALUES(2,956,444);
INSERT INTO sacn_channel VALUES(2,957,445);
INSERT INTO sacn_channel VALUES(2,958,446);
INSERT INTO sacn_channel VALUES(2,959,447);
INSERT INTO sacn_channel VALUES(2,960,448);
INSERT INTO sacn_channel VALUES(2,961,449);
INSERT INTO sacn_channel VALUES(2,962,450);
INSERT INTO sacn_channel VALUES(2,963,451);
INSERT INTO sacn_channel VALUES(2,964,452);
INSERT INTO sacn_channel VALUES(2,965,453);
INSERT INTO sacn_channel VALUES(2,966,454);
INSERT INTO sacn_channel VALUES(2,967,455);
INSERT INTO sacn_channel VALUES(2,968,456);
INSERT INTO sacn_channel VALUES(2,969,457);
INSERT INTO sacn_channel VALUES(2,970,458);
INSERT INTO sacn_channel VALUES(2,971,459);
INSERT INTO sacn_channel VALUES(2,972,460);
INSERT INTO sacn_channel VALUES(2,973,461);
INSERT INTO sacn_channel VALUES(2,974,462);
INSERT INTO sacn_channel VALUES(2,975,463);
INSERT INTO sacn_channel VALUES(2,976,464);
INSERT INTO sacn_channel VALUES(2,977,465);
INSERT INTO sacn_channel VALUES(2,978,466);
INSERT INTO sacn_channel VALUES(2,979,467);
INSERT INTO sacn_channel VALUES(2,980,468);
INSERT INTO sacn_channel VALUES(2,981,469);
INSERT INTO sacn_channel VALUES(2,982,470);
INSERT INTO sacn_channel VALUES(2,983,471);
INSERT INTO sacn_channel VALUES(2,984,472);
INSERT INTO sacn_channel VALUES(2,985,473);
INSERT INTO sacn_channel VALUES(2,986,474);
INSERT INTO sacn_channel VALUES(2,987,475);
INSERT INTO sacn_channel VALUES(2,988,476);
INSERT INTO sacn_channel VALUES(2,989,477);
INSERT INTO sacn_channel VALUES(2,990,478);
INSERT INTO sacn_channel VALUES(2,991,479);
INSERT INTO sacn_channel VALUES(2,992,480);
INSERT INTO sacn_channel VALUES(2,993,481);
INSERT INTO sacn_channel VALUES(2,994,482);
INSERT INTO sacn_channel VALUES(2,995,483);
INSERT INTO sacn_channel VALUES(2,996,484);
INSERT INTO sacn_channel VALUES(2,997,485);
INSERT INTO sacn_channel VALUES(2,998,486);
INSERT INTO sacn_channel VALUES(2,999,487);
INSERT INTO sacn_channel VALUES(2,1000,488);
INSERT INTO sacn_channel VALUES(2,1001,489);
INSERT INTO sacn_channel VALUES(2,1002,490);
INSERT INTO sacn_channel VALUES(2,1003,491);
INSERT INTO sacn_channel VALUES(2,1004,492);
INSERT INTO sacn_channel VALUES(2,1005,493);
INSERT INTO sacn_channel VALUES(2,1006,494);
INSERT INTO sacn_channel VALUES(2,1007,495);
INSERT INTO sacn_channel VALUES(2,1008,496);
INSERT INTO sacn_channel VALUES(2,1009,497);
INSERT INTO sacn_channel VALUES(2,1010,498);
INSERT INTO sacn_channel VALUES(2,1011,499);
INSERT INTO sacn_channel VALUES(2,1012,500);
INSERT INTO sacn_channel VALUES(2,1013,501);
INSERT INTO sacn_channel VALUES(2,1014,502);
INSERT INTO sacn_channel VALUES(2,1015,503);
INSERT INTO sacn_channel VALUES(2,1016,504);
INSERT INTO sacn_channel VALUES(2,1017,505);
INSERT INTO sacn_channel VALUES(2,1018,506);
INSERT INTO sacn_channel VALUES(2,1019,507);
INSERT INTO sacn_channel VALUES(2,1020,508);
INSERT INTO sacn_channel VALUES(2,1021,509);
INSERT INTO sacn_channel VALUES(2,1022,510);
INSERT INTO sacn_channel VALUES(2,1023,511);
INSERT INTO sacn_channel VALUES(2,1024,512);
CREATE TABLE mapping (
	id_midi_control integer not null,
	id_sacn_channel integer not null,
	foreign key(id_midi_control) references midi_control(id),
	foreign key(id_sacn_channel) references sacn_channel(id)
		on update cascade
		on delete cascade
);
INSERT INTO mapping VALUES(1,513);
INSERT INTO mapping VALUES(2,514);
INSERT INTO mapping VALUES(3,515);
INSERT INTO mapping VALUES(4,516);
INSERT INTO mapping VALUES(5,517);
INSERT INTO mapping VALUES(6,518);
INSERT INTO mapping VALUES(7,519);
INSERT INTO mapping VALUES(8,520);
INSERT INTO mapping VALUES(9,523);
INSERT INTO mapping VALUES(10,524);
INSERT INTO mapping VALUES(11,525);
INSERT INTO mapping VALUES(12,526);
INSERT INTO mapping VALUES(13,527);
INSERT INTO mapping VALUES(14,528);
INSERT INTO mapping VALUES(15,529);
INSERT INTO mapping VALUES(16,530);
INSERT INTO mapping VALUES(17,533);
INSERT INTO mapping VALUES(18,534);
INSERT INTO mapping VALUES(19,535);
INSERT INTO mapping VALUES(20,536);
INSERT INTO mapping VALUES(21,543);
INSERT INTO mapping VALUES(22,544);
INSERT INTO mapping VALUES(23,545);
INSERT INTO mapping VALUES(24,546);
INSERT INTO mapping VALUES(25,553);
INSERT INTO mapping VALUES(26,554);
INSERT INTO mapping VALUES(27,555);
INSERT INTO mapping VALUES(28,556);
DELETE FROM sqlite_sequence;
INSERT INTO sqlite_sequence VALUES('midi_device',9);
INSERT INTO sqlite_sequence VALUES('midi_control',84);
INSERT INTO sqlite_sequence VALUES('sacn',2);
INSERT INTO sqlite_sequence VALUES('sacn_channel',1024);
COMMIT;
